<?xml version="1.0" encoding="UTF-8"?>
<project-private xmlns="http://www.netbeans.org/ns/project-private/1">
    <editor-bookmarks xmlns="http://www.netbeans.org/ns/editor-bookmarks/2" lastBookmarkId="0"/>
    <open-files xmlns="http://www.netbeans.org/ns/projectui-open-files/2">
        <group>
            <file>file:/C:/Users/rujan/Desktop/DSA_Brinda32B-master/UserBook/src/Forms/SignUpI.java</file>
            <file>file:/C:/Users/rujan/Desktop/DSA_Brinda32B-master/UserBook/src/Forms/PrivacySettings.java</file>
            <file>file:/C:/Users/rujan/Desktop/DSA_Brinda32B-master/UserBook/src/SignUpI.java</file>
            <file>file:/C:/Users/rujan/Desktop/DSA_Brinda32B-master/UserBook/src/Forms/Message.java</file>
            <file>file:/C:/Users/rujan/Desktop/DSA_Brinda32B-master/UserBook/src/NewsFeed.java</file>
            <file>file:/C:/Users/rujan/Desktop/DSA_Brinda32B-master/UserBook/src/Forms/Inboxmessage.java</file>
            <file>file:/C:/Users/rujan/Desktop/DSA_Brinda32B-master/UserBook/src/Forms/Home.java</file>
            <file>file:/C:/Users/rujan/Desktop/DSA_Brinda32B-master/UserBook/src/Forms/Profile.java</file>
            <file>file:/C:/Users/rujan/Desktop/DSA_Brinda32B-master/UserBook/src/Intro.java</file>
            <file>file:/C:/Users/rujan/Desktop/DSA_Brinda32B-master/UserBook/src/Home.java</file>
            <file>file:/C:/Users/rujan/Desktop/DSA_Brinda32B-master/UserBook/src/Forms/StatusDetails.java</file>
            <file>file:/C:/Users/rujan/Desktop/DSA_Brinda32B-master/UserBook/src/Forms/Friendrequestresponse.java</file>
            <file>file:/C:/Users/rujan/Desktop/DSA_Brinda32B-master/UserBook/src/Forms/ProfileOthers.java</file>
            <file>file:/C:/Users/rujan/Desktop/DSA_Brinda32B-master/UserBook/src/Forms/Inboxsubject.java</file>
            <file>file:/C:/Users/rujan/Desktop/DSA_Brinda32B-master/UserBook/src/Forms/Friendrequestlist.java</file>
            <file>file:/C:/Users/rujan/Desktop/DSA_Brinda32B-master/UserBook/src/SignUp.java</file>
            <file>file:/C:/Users/rujan/Desktop/DSA_Brinda32B-master/UserBook/src/Forms/Editprofile.java</file>
            <file>file:/C:/Users/rujan/Desktop/DSA_Brinda32B-master/UserBook/src/Forms/FriendList.java</file>
            <file>file:/C:/Users/rujan/Desktop/DSA_Brinda32B-master/UserBook/src/Forms/NewsFeed.java</file>
            <file>file:/C:/Users/rujan/Desktop/DSA_Brinda32B-master/UserBook/src/Forms/WallpostDetails.java</file>
            <file>file:/C:/Users/rujan/Desktop/DSA_Brinda32B-master/UserBook/src/Forms/Search.java</file>
            <file>file:/C:/Users/rujan/Desktop/DSA_Brinda32B-master/UserBook/src/DB/SignUp.java</file>
            <file>file:/C:/Users/rujan/Desktop/DSA_Brinda32B-master/UserBook/src/Forms/Wallpostcomment.java</file>
            <file>file:/C:/Users/rujan/Desktop/DSA_Brinda32B-master/UserBook/src/Forms/Intro.java</file>
        </group>
    </open-files>
</project-private>
